Agent,Year,Delta_DPI,Delta_Consumption,MPC
0,2003,4213.086915811393,1819.7709613695188,0.43193292655322574
0,2005,1383.882436650194,18103.42117137226,13.081617839730045
0,2009,1127.1702948363672,-18584.60888044379,-16.487844796461516
0,2010,4565.432224932563,35234.60837186131,7.717693886558958
0,2011,3743.1292836341017,-12081.54175291174,-3.227658153763287
0,2015,4688.650845741737,2813.4101825754187,0.6000468525248742
0,2017,3296.892330421266,2255.870588085978,0.684241510488676
1,2003,4065.9924261734122,1709.1456775187835,0.42035141691773764
1,2005,1504.355704784728,-2835.4475147553458,-1.8848251817950834
1,2009,1173.2823282160534,954.0833032970259,0.8131745278629448
1,2010,4587.398232348292,-2066.671455838179,-0.4505105838130492
1,2011,3960.6844362822594,16907.397717808082,4.268807068527378
1,2015,4740.717496786732,3181.8785415823368,0.6711807956789284
1,2017,3412.8141807063657,5911.86754250247,1.7322559124150334
2,2003,4339.067318638714,16006.827372701955,3.6890018516061516
2,2004,1046.2930022370128,-1331.4359488576156,-1.2725268600773938
2,2005,1415.3751085537224,2120.3456547307287,1.4980803618182665
2,2009,1212.0916224580287,-13815.160834123046,-11.39778592488492
2,2010,4758.994003510306,39347.6955094147,8.26806999134507
2,2011,3996.8645244123327,-11710.31482061716,-2.929875343307753
2,2015,4806.216874752776,-10532.414779802159,-2.1914147975987723
2,2017,3532.2468257788278,-12727.594782366781,-3.603257476085484
3,2003,4272.661645098109,-2864.0119816392544,-0.670310972301082
3,2005,1675.3693650752393,10823.641264270467,6.460450745907239
3,2009,1217.536285369366,-4946.138901329032,-4.062416012372489
3,2010,4757.000841818954,6671.01206758662,1.402356713696901
3,2011,3974.6163594142563,14548.1734228469,3.6602711072700562
3,2015,4655.407909951129,2208.6840938348178,0.47443406390096626
3,2017,3499.901092017797,2854.998113775,0.8157367990445149
4,2002,1057.0881518582464,1003.9069601938827,0.9496908639351629
4,2003,4289.915988918423,10140.32976936204,2.363759522460632
4,2004,1381.5259079155658,4498.147711936239,3.255927149946109
4,2005,1721.4845627759933,8202.25713189374,4.764641698945663
4,2009,1680.333163046802,2909.43529271461,1.731463353040765
4,2010,5168.171939588603,-5642.843127312663,-1.0918450843494663
4,2011,3728.692068988181,16072.314300884245,4.310442912290592
4,2015,4638.99212760228,3996.5293299959158,0.8615081078099547
4,2017,3638.4584060729103,2781.1411448630533,0.7643734885689725
5,2003,4426.893127930249,23202.998954846888,5.241373189800773
5,2004,1148.292061922475,-8084.439062935911,-7.040403161370733
5,2005,2025.483240067333,6189.666110284757,3.0558959895807356
5,2009,1466.7568128857529,-1362.1487771381653,-0.9286807227833647
5,2010,5318.47615833272,2747.0982241375023,0.5165197967153594
5,2011,3711.154970003525,18599.783810221124,5.011858561703625
5,2015,4662.827219997125,3976.6896905524045,0.8528494629820009
5,2017,3504.196000750482,4167.3404745737935,1.1892429743317119
6,2003,4741.911611905918,1911.8611898207164,0.4031836411755219
6,2004,1027.301656088821,4789.959752906274,4.662661375571784
6,2005,1994.2626353253581,2910.5131363910914,1.4594432472612864
6,2009,1504.1604897712969,1119.7614108420821,0.7444427761909492
6,2010,5184.955458194963,-1979.5979805347597,-0.3817965258324353
6,2011,4304.277993875978,12847.246725474019,2.984762309440229
6,2015,4641.669257260612,1035.6449890098302,0.2231190831595442
6,2017,3401.299191844897,3942.130150266632,1.159007169883336
7,2002,1112.9404902501265,-7738.633836662593,-6.953322216647346
7,2003,4505.111980198286,31714.0258284027,7.039564381040503
7,2004,1333.4802772723779,1414.820752758009,1.0609986340795472
7,2005,2302.8118612623803,-5232.818340806814,-2.2723603386071805
7,2009,1789.0489989776688,-8717.835477823857,-4.872888044321627
7,2010,5044.117981624411,24168.014657703243,4.791326203262232
7,2011,4367.088777555124,-3974.1880308034742,-0.910031426709028
7,2015,4735.700404082178,-375.79356032393116,-0.0793533222667542
7,2017,3919.602114284702,-1222.4331872986368,-0.3118768567971654
8,2002,1327.4393256359472,11694.054346575824,8.809483130969815
8,2003,4569.34620622659,5863.316679872587,1.2831850368183353
8,2004,1415.595061441898,1757.1137632993486,1.241254516323041
8,2005,2328.5703437207267,1831.786588424773,0.7866571836081347
8,2008,1021.6012034844607,-1608.1993053958577,-1.5741948031292814
8,2010,5298.824466021106,4314.6184364868095,0.8142595521241454
8,2011,4420.954546566558,8321.978079987646,1.8823939473548166
8,2015,4588.312177069369,3101.725835631296,0.676005841784815
8,2017,4319.073972520957,15074.713329658058,3.4902651414556
9,2002,2053.6567809935805,9328.102049303794,4.542191341627573
9,2003,4081.1969686377124,-8751.84544814138,-2.144431037118679
9,2004,1671.7733164992096,24943.694423353954,14.920500391516894
9,2005,2396.342236106808,1127.4524175806,0.4704888978680707
9,2009,1684.3679624997894,-10177.756027345022,-6.042477804101724
9,2010,5197.237619878579,27515.89304997436,5.294330385189739
9,2011,4555.50842581474,-5801.248721894954,-1.2734580160187974
9,2015,3925.134315751493,-196.21729728173523,-0.04998995741223906
9,2016,1554.8837315153069,1963.6078570084646,1.2628647513694398
9,2017,3522.4386239499436,27397.07947535027,7.7778727751480625
10,2002,1135.0237129472516,10671.93179886062,9.402386643667048
10,2003,4515.611805628199,8617.80586351834,1.908447013265671
10,2004,1959.3139861494565,-21023.01617232438,-10.729784159628178
10,2005,2504.8776937512885,40341.687076159855,16.10525223518774
10,2009,1549.8287345883728,2210.325938224094,1.4261743177778583
10,2010,5680.931480635612,4197.600168050994,0.738892940771985
10,2011,4438.1828083201835,4584.948002192847,1.0330687581407247
10,2015,4820.288989976907,19043.484419348257,3.950693507992244
10,2017,3699.346232718992,15624.20211699912,4.223503596070663
11,2003,5315.980872625427,4842.160080561764,0.9108686047943481
11,2004,1508.4440493465663,3843.8846180537075,2.548244742467456
11,2005,2196.7190873831278,-3684.215142664558,-1.6771444122395416
11,2009,1931.0393095896434,580.9310244641092,0.30083852854738635
11,2010,5627.060341062577,-565.2839624335174,-0.10045813056391945
11,2011,5616.206621594043,16286.478559954223,2.8999072963828465
11,2015,4002.5893926206627,-1084.9574131681002,-0.2710638805889937
11,2016,1361.1728261529934,13856.617177434498,10.179910229766106
11,2017,3455.980749511815,587.1088784893363,0.16988198750015324
12,2002,1276.0305790851999,7757.024111522653,6.079026818529496
12,2003,4757.832133193238,11969.689024560284,2.515786326519002
12,2004,2046.3563269902515,3337.3392536834726,1.6308690767418685
12,2005,2765.624639029964,7860.817830594533,2.842329982044019
12,2009,2108.4522336246737,-24018.937011328497,-11.391738749536271
12,2010,5745.300716976548,35577.63250857832,6.1924752525923425
12,2011,4832.070193715292,13614.424201744463,2.8175137479276926
12,2015,5006.429901808995,-7197.383276182867,-1.4376278939973184
12,2017,3991.8745059484645,-3441.426919500678,-0.8621079932178377
13,2002,1953.0997524110571,3566.8717113268212,1.8262619238590345
13,2003,4664.607711059463,712.1538843862509,0.1526717633077232
13,2004,2326.1073793644173,13158.234815256728,5.656761563110671
13,2005,2817.1105592737003,5817.052631863553,2.0649003684694893
13,2009,1942.441499040724,1861.6326779935043,0.9583983244349303
13,2010,6234.984272346061,-6389.743007680678,-1.0248210305872008
13,2011,4565.661174365145,27352.019438146643,5.990812369459269
13,2015,4307.713922810566,-875.5574777541624,-0.2032533945947147
13,2016,1191.1127135419229,10397.683794985409,8.729386964619488
13,2017,3964.0684312681988,-338.75885533788824,-0.08545736815888198
14,2002,2471.0207644709444,10371.312346074119,4.197177334644802
14,2003,4522.16602147193,9014.351099447449,1.993370224942194
14,2004,2406.6077707019285,22.439514419122133,0.009324126138168857
14,2005,3037.062026719621,1019.4225000040169,0.3356607441781857
14,2009,2095.121568970004,-78.87819295287773,-0.03764850408735734
14,2010,5048.035302346427,11191.135160297126,2.2169288624220327
14,2011,4919.361568311579,5940.973935947593,1.2076717381818007
14,2015,4335.2664682350005,-4492.626665299409,-1.0362976989344035
14,2016,1018.236387364479,-5404.534529171884,-5.3077405170724115
14,2017,3845.7422544727015,25772.529364644506,6.7015747960410925
15,2002,3334.3925404395122,3401.288765998208,1.0200624925672002
15,2003,4376.296014221371,7229.904510138993,1.6520602095115213
15,2004,2706.2748862421577,-14976.713699517932,-5.534069645199307
15,2005,1407.4655791181576,45649.191407501115,32.433611226288356
15,2009,2198.095027258998,14666.804794984258,6.672507154194154
15,2010,6588.68526032017,-177.46412670062273,-0.0269346796347044
15,2011,4658.039252083923,5507.621847733855,1.1823906046454726
15,2015,4006.0307033104327,10777.041995207474,2.690204542441907
15,2016,1491.09421304625,-21105.255684432195,-14.154206689136661
15,2017,4811.738734939892,45763.265752496096,9.510754484692063
16,2002,1933.2870630269463,7958.583223224414,4.116607086152879
16,2003,5347.734763775399,19311.853621611517,3.6112212880164827
16,2004,3282.2805730069667,-18387.67204916269,-5.60210245290437
16,2005,2328.7089990180393,10258.015391076697,4.405022437497452
16,2009,1497.6643275470415,2222.464419842072,1.4839536329760545
16,2010,7449.655576389807,-13010.150424774969,-1.7464096549655312
16,2011,3421.1222000362322,-35772.78071076943,-10.456446341025343
16,2015,4020.661824931769,-23387.818201243485,-5.8169075688528915
16,2016,1154.9698828022956,3270.829068503852,2.831960484171121
16,2017,3714.777192279551,3525.963142310269,0.9491721736739164
17,2002,3511.7968216543813,5784.679838238342,1.6472137005674556
17,2003,4430.957931737808,10856.587286711947,2.450167086658398
17,2004,1983.5320176698879,3377.9515091730136,1.7029982269412471
17,2005,3879.5324206952646,2477.0852345514286,0.638500975359165
17,2009,2841.202501526801,2477.922455992477,0.8721386295629737
17,2010,5488.2028017114935,2638.327216111924,0.4807269904984493
17,2011,4781.922751574399,8455.641827244748,1.7682514474874809
17,2015,2590.8211486424552,-90778.74718858625,-35.03860049782005
17,2016,1133.7592371942155,207779.0043230001,183.26554484107552
17,2017,3880.8156914514984,-98603.91307095898,-25.40803813181843
18,2002,2392.727665728293,7752.477984829631,3.240016862708841
18,2003,4535.750324188353,18234.43181514379,4.02015774940318
18,2004,1037.6454076538212,161.07715734650264,0.15523333516283544
18,2005,2722.9858096236567,6287.629597367733,2.3090937804911826
18,2009,2558.411466427802,2069.587831781653,0.8089347077041239
18,2010,6058.404852423526,7846.373110073619,1.2951219506129334
18,2011,5742.075234577089,24.699169052633806,0.0043014359867496466
18,2015,3881.7855410387856,1111.4767120696051,0.28633130303539855
18,2016,1244.1506063425477,5256.315552781598,4.224822562465878
18,2017,3195.1065854745684,1874.433053800065,0.5866574412013413
19,2002,2065.458475792155,1858.680541607784,0.899887634339845
19,2003,6913.591844329218,8638.794023943963,1.2495377538131385
19,2005,3755.4089040419494,11704.432482539254,3.1166865663927474
19,2009,3560.4408054292,-2474.775149176814,-0.6950754932937265
19,2010,4883.619295740005,11090.91182699555,2.271043493638045
19,2011,4911.315127700116,8478.570275447462,1.7263339971055431
19,2015,5098.728638608314,-16420.66145662687,-3.220540377906609
19,2016,1253.131890265242,37170.66749533327,29.66221495445751
19,2017,4287.303392921531,-11402.982583210134,-2.659709737835864
20,2002,3849.7120391597127,7313.997492174385,1.8998817100540413
20,2003,3790.1433040097763,255.69987659745675,0.06746443500617495
20,2004,1139.0108272588986,16627.839256493113,14.59849095246009
20,2005,2266.125361688435,24089.292583684553,10.630167682222226
20,2009,2089.884067559906,4200.175761734368,2.009764956310894
20,2010,4808.332995528865,24999.564165465636,5.19921648286673
20,2011,6164.005098555921,-874.0740542273415,-0.14180294147260133
20,2015,3590.459317044224,1556.9240984598873,0.43362811300187487
20,2016,2439.9726129686314,12255.127782145937,5.0226497285293465
20,2017,4831.557851125181,-6449.505163067268,-1.3348707315106032
21,2002,1770.3502505384968,12823.322611951051,7.243381702604054
21,2003,4454.070510885329,15037.892642691615,3.376213422293253
21,2004,3644.0208793321654,-24091.6826040898,-6.611291044113076
21,2005,2900.009164939882,51415.826911369484,17.72953945558836
21,2009,2469.612940734325,17352.74744593815,7.026504906788515
21,2010,7234.987450871733,-3707.2905292054056,-0.5124114664163958
21,2011,6100.359767533955,-5208.42019612329,-0.8537890214020561
21,2015,2177.6878352463827,-33676.95580044809,-15.46454696370102
21,2016,2516.6977037645265,-13996.885328185766,-5.561607700141717
21,2017,5198.819401525674,72972.31396209411,14.036324081709639
22,2002,1591.309466343373,10699.396123279905,6.723642603513041
22,2003,4758.784410161825,17365.66036318663,3.649179888482509
22,2004,2709.906096503706,3166.629852332684,1.168538591214743
22,2005,4065.8941011033603,2527.8651072791545,0.6217242860784713
22,2009,2955.6956991215848,48847.3677388964,16.526521236070934
22,2010,5609.180765398618,-35153.47245202892,-6.26713131958241
22,2011,6323.6978129505005,39571.78218356156,6.257696581029102
22,2015,4379.269681290636,2146.889839518364,0.490239239819011
22,2016,2226.1524021404475,-1162.21148116939,-0.5220718402082097
22,2017,3133.9664040934003,7730.8546492486785,2.4667956360831105
23,2002,3163.732129847951,15924.906714548648,5.0335825098169735
23,2003,7000.493384449321,-535.4689753342245,-0.0764901766100799
23,2004,1368.0302468661102,3240.3788800521143,2.3686456403103575
23,2005,2624.3019064687833,4351.532108773477,1.6581674913420408
23,2009,2588.186386782938,21684.953615398597,8.37843585227745
23,2010,6595.525481670193,-2981.299562412707,-0.45201850416591055
23,2011,5957.5754114643205,10174.62931128178,1.7078473386509672
23,2012,1905.7650862015726,-12011.785391629412,-6.302867797610039
23,2015,3356.9359686931275,-13923.714614559038,-4.147745070031709
23,2016,2675.6849287353543,21435.66387282712,8.011281015421556
23,2017,3587.1504952612304,23442.04173082119,6.535003692147589
24,2002,3711.0536222055234,20523.682994445553,5.530419412869621
24,2003,4459.774333207955,-2329.698583823163,-0.5223803739296805
24,2004,2594.90065050876,17668.65516317633,6.808990995363228
24,2005,5450.488432971673,7184.828620460525,1.3181990401075427
24,2009,4166.978514396047,81870.05152946667,19.64734189212222
24,2010,8259.835968512169,-52569.307390231086,-6.364449317230244
24,2011,5233.745976697275,29228.80495011047,5.58468161814669
24,2015,5222.821707874653,18531.90139234418,3.5482546464113276
24,2016,1144.867318265693,-6528.022715518193,-5.701990624911186
24,2017,4920.691798218759,12571.938708190602,2.5549128504129275
25,2002,2966.957630437668,15662.67008194336,5.279033957634541
25,2003,5400.443129655512,9326.978065135161,1.7270764345092027
25,2004,2793.036682303733,-2764.7143620409915,-0.9898596676362371
25,2005,3451.3820948532666,18878.227858999628,5.469758879247539
25,2009,2419.4726023251715,-4813.130627598497,-1.9893304941634646
25,2010,6646.8283500145335,25305.186893334292,3.807107023198359
25,2011,6548.341113127492,-2344.235689090914,-0.35798924469457055
25,2015,4282.838655470579,11212.045264057073,2.6179004548153224
25,2017,5499.276667604659,3082.7190585094213,0.5605680973770998
26,2002,2781.6375536175183,1656.8790237264911,0.5956487830600794
26,2003,3485.593409460591,27359.652841794596,7.8493529301309435
26,2004,3984.3933452766214,-7616.498289225041,-1.911582925981485
26,2005,3784.1658517683973,12566.014082118229,3.3206827011152122
26,2009,3378.9719842312334,-2999.0453912682133,-0.8875614847545239
26,2010,5662.4000695786235,-5106.669135752192,-0.9018559397079502
26,2011,4802.369022628933,31701.94294448977,6.601313392433837
26,2015,3377.485859318651,7773.973105137906,2.301704116299741
26,2016,2754.6517646719876,-2168.9757770631113,-0.78738656002908
26,2017,3333.2697187121084,8240.843600876804,2.472300262596469
27,2002,5385.286660362763,18678.765575278943,3.4684812069076947
27,2003,6895.625066652006,-61.69057264528237,-0.008946335110884248
27,2004,3563.9492025532527,-28367.122584370154,-7.959463216829138
27,2005,1761.3270212993375,64516.10414634213,36.62925928357606
27,2009,2958.3974696926016,-302.71040600255947,-0.10232242594299312
27,2010,7614.732009112195,615.906881582865,0.08088359259995466
27,2011,6308.076218435919,11240.408493567506,1.7819075268488993
27,2012,1121.4985020844906,-2179.9077523642336,-1.9437455763984652
27,2015,2993.355629646918,-3344.8089465108496,-1.1174111466686596
27,2016,2937.998853173718,20059.543045596743,6.827621128554151
27,2017,3804.0992513056844,-1354.7199102256563,-0.3561210738023396
28,2002,3793.5790361749823,11171.50898258164,2.944846772942348
28,2003,4453.880383452866,16449.32187239414,3.6932563194797385
28,2004,2503.7102270567557,-25279.521430608293,-10.096823968453295
28,2005,5232.6684323928785,48906.19302615555,9.346319885930733
28,2009,2630.424347807071,-9143.447181662617,-3.4760350318705475
28,2010,6763.17869578817,781.7363511981675,0.1155871205480643
28,2011,7181.090811390459,29658.84167407715,4.130130429075353
28,2015,4277.570676993899,2000.1800994269142,0.46759720656037385
28,2016,2453.647435152903,-1200.5916300638928,-0.4893089418077198
28,2017,5042.9089685738145,11936.82357268437,2.367051169686338
29,2002,3888.4239204193873,13763.543141171685,3.539620016453148
29,2003,1920.512759026693,27190.502064910965,14.157938778126622
29,2004,4940.414324886689,-11496.2556109945,-2.326982081863786
29,2005,8741.599358199572,9135.794566753844,1.0450941746929319
29,2009,3040.562927971827,-4222.64413303975,-1.3887705116027371
29,2010,5555.570046289911,14605.076285992924,2.628906874416317
29,2011,5946.795831300376,30466.440131462587,5.1231690133206635
29,2015,3998.3497861775395,1112.4972527458158,0.2782391016893431
29,2016,3277.688505674363,-11876.913865980634,-3.6235639370303847
29,2017,6077.611825871631,17627.31212901292,2.90036820942984
30,2003,5319.413379040168,61980.959756736236,11.65184115995889
30,2004,3228.00236637966,-19060.657237469917,-5.90478415876976
30,2005,5873.536860113993,7490.69719755961,1.2753299035930852
30,2009,3243.011276464269,13367.485956966208,4.121936317020848
30,2010,7255.781430449948,11154.33009143328,1.5373023840854
30,2011,7864.264817436371,9844.377463471988,1.2517861099546623
30,2015,4288.095001962356,3776.552891146537,0.8807064417691953
30,2016,3602.8670133044943,-51367.863597653355,-14.257496434912689
30,2017,3478.4414087647747,-3999.44024973271,-1.1497793924759385
31,2002,5296.3668710570055,93179.28171383438,17.593056520127057
31,2003,5844.201686322107,20422.514871662366,3.494491800216213
31,2004,4891.976908488141,8199.539248954563,1.676119777819765
31,2005,6888.253582677891,64207.33098067684,9.321278639064776
31,2009,2915.8853107161704,11314.17258754978,3.880184363208341
31,2010,8544.23747466458,3902.5128677667817,0.4567420883769364
31,2011,4988.35714195433,23569.16678373926,4.724835474491583
31,2015,1311.6357500179147,-86224.30660516626,-65.73799669915111
31,2016,2336.314745851734,84369.07361830119,36.11203232274397
31,2017,6445.496002811153,48110.6612247639,7.4642294718328595
31,2018,1400.9842853273149,27317.06474003679,19.498480479853953
32,2002,4927.354277498904,2632.8339239543275,0.534330144673652
32,2003,8238.957431126852,25253.836606869736,3.0651738181654546
32,2005,4265.774104201642,72183.55027153972,16.92155948915377
32,2009,5709.168380862655,15448.992970310632,2.70599708043228
32,2010,3654.807775820227,-11490.966152220994,-3.1440685412359732
32,2011,8602.83456977643,21609.472782645462,2.5119014677515814
32,2012,1921.9972015522653,41518.7829083628,21.601895608813024
32,2015,1468.0512574523455,-7317.471034365197,-4.984479252491448
32,2016,1412.883251389576,24094.016237146774,17.05308362417788
32,2017,5417.442179184873,28368.257930000633,5.236467135542003
33,2002,2997.8397802562104,-34904.513219176384,-11.643221712200132
33,2003,5706.558655577304,-35016.948588986146,-6.13626367526466
33,2004,4107.972210759937,112755.63943004573,27.448004427758036
33,2005,4655.755355342088,173850.31091531564,37.340946344149515
33,2009,4207.189367059153,-11567.499120244116,-2.7494600577795856
33,2010,7653.323534467199,19623.026146476273,2.563987535363271
33,2011,4785.463103713817,4244.38403473582,0.8869327675814519
33,2015,3365.0164186597103,10656.595152107999,3.166877609575686
33,2016,2859.6081926122424,4612.967130089062,1.613146563926694
33,2017,5043.045494199876,1251.0849887918157,0.2480812418271296
34,2002,6188.939893530274,11943.32913903601,1.9297859317588777
34,2003,4114.480407861207,-3749.0243025407253,-0.9111780664644231
34,2004,4850.878549881221,40272.59698276647,8.302124361318546
34,2005,2956.451631368196,-15509.98430569825,-5.246148504895543
34,2009,8755.981042496627,-12254.339591692202,-1.3995393014462345
34,2010,4476.893223791267,10881.737888017407,2.4306449459614727
34,2011,3728.3738772290235,16035.749699293898,4.301003662007169
34,2012,2090.643981966685,1849.7969024982885,0.8847976596943925
34,2015,2556.2289622406824,6929.957439075282,2.7110081066450222
34,2016,1915.9869422454503,1206.4414254281728,0.629671006011282
34,2017,3798.6191629093373,17501.289093741943,4.607276576875325
35,2002,5658.9439514416445,499.3769986618572,0.08824561666397816
35,2004,8989.389222125377,205.42302058715723,0.02285172168110757
35,2009,2598.0024099282746,16138.410096516804,6.211853397380933
35,2010,7807.707740429119,9375.004260386253,1.2007370885364357
35,2011,7153.831349002954,7804.611458781932,1.0909694509180285
35,2015,4166.157873332646,2855.8204070705397,0.685480602007546
35,2016,2714.093150984263,-1531.198899326555,-0.5641659346773957
35,2017,6476.100217645959,7897.847803743789,1.219537613427272
36,2002,3790.6456044734805,-39271.92501794976,-10.360220689479258
36,2003,5875.328064667061,96125.75428407878,16.36091690984169
36,2004,5387.823509910842,12984.718641961692,2.410011875496004
36,2005,5379.417633887206,-35741.246553056786,-6.644073575531243
36,2006,2796.239784017438,-28197.369621949154,-10.084031342060795
36,2008,1052.0762304499513,2464.525215676782,2.3425348319320505
36,2009,3294.001671512553,871.1607165947789,0.2644688143691062
36,2010,9040.753240684018,-16897.434752804897,-1.869029526960792
36,2011,7152.092184999463,34428.22081732587,4.813727218104706
36,2015,2170.8148296112486,6286.078679838247,2.8957231146997295
36,2016,2773.8132230459305,4884.871502174472,1.7610672058194257
36,2017,4536.351281876268,5164.013369834138,1.138362760940829
37,2002,4889.237271592894,11395.52138338452,2.330736012668885
37,2003,7702.171623407863,-28344.598448167555,-3.680078792586856
37,2004,1829.6433550272777,93572.0404556891,51.14222954904458
37,2005,6878.313925627037,-49846.39234239719,-7.24689115404879
37,2009,2630.567993951612,6420.329672549531,2.440662886232786
37,2010,11515.736392805207,1398.9774694259977,0.12148397824563349
37,2011,2726.067871791951,18277.032481564587,6.704540510779865
37,2012,4191.549314183561,-14038.845353913668,-3.3493212894831905
37,2015,4465.015696723218,-1004.620586847188,-0.2249982206298755
37,2016,1039.5917594479688,5596.976487695734,5.383821521120725
37,2017,7409.490264579479,12341.858259651606,1.6656824989231644
38,2002,3469.339329102164,36971.01097253918,10.656498965786367
38,2003,6229.444587661972,2837.8927150604723,0.4555611138561531
38,2004,2077.260762890801,9489.231322439737,4.568146422423218
38,2005,12466.141443026601,-9424.834006137244,-0.7560345796821818
38,2009,4667.203813386412,-13855.031379047141,-2.9685936018710657
38,2010,8204.12566814138,27826.172199389548,3.3917291524976707
38,2011,5524.806112680468,5302.710621134291,0.9598003102703593
38,2015,4556.360803623829,1193.6466324240318,0.2619736855506886
38,2016,2975.759497998806,3857.7126942707982,1.2963791922247427
38,2017,5922.194809725275,6293.175214429735,1.0626423845590567
38,2018,1279.5814994454558,-16173.976147513546,-12.640051575083739
39,2002,7002.16629676157,13544.90608620178,1.9343879468367038
39,2003,9553.275613007077,-25082.946768927373,-2.62558600683269
39,2005,6716.924687589781,-12827.048452319228,-1.9096609012184607
39,2009,3202.9191114986897,6210.9590135556355,1.9391557505332824
39,2010,8284.41057794803,49265.82797600128,5.946811485555797
39,2011,9133.841649757378,-23628.07725940895,-2.586871785765695
39,2012,4671.857347087178,-12790.479071267619,-2.7377717513661373
39,2015,1552.9461903353804,7456.7361950363265,4.801670683403358
39,2017,3855.4817098574713,15849.7110655969,4.110954806262803
39,2018,1380.4503718139313,-14701.47142681264,-10.649764545678451
40,2002,12976.762153051211,-3443.0870389165066,-0.2653271284707131
40,2004,4642.996524856426,4506.975138026493,0.9707039654021411
40,2005,4264.141120638844,20697.89301382331,4.853941843914021
40,2009,2727.6875863080204,8344.624568771222,3.0592303204583033
40,2010,8385.680485023797,18766.604794921644,2.237934634933612
40,2011,6933.481976761512,24056.195865083515,3.4695692504445903
40,2012,2359.943008271075,-21907.063831813954,-9.28287833860164
40,2015,3971.644612320466,30521.47671798375,7.684845875510328
40,2016,2920.7925153045217,-9864.799958808027,-3.3774394816194344
40,2017,5621.516617145855,2047.6046007582918,0.36424416046605895
41,2002,7846.65562032265,20242.017119161872,2.5796999509874667
41,2003,6619.083875574928,-18583.96093479445,-2.8076333952151744
41,2004,4962.124999204214,49479.119855176716,9.971357001911839
41,2005,5408.779245965416,6584.867314940289,1.2174405749415926
41,2009,1282.8534907503345,22615.65460413968,17.62917961186035
41,2010,8849.128869629407,-802.0858238877263,-0.09064008849961712
41,2011,6549.389716506179,73132.83035762681,11.166358015512943
41,2015,1939.9319781417435,10513.840093878505,5.419695232793518
41,2016,2947.119702294789,-11820.059140318335,-4.010715659467306
41,2017,5566.824210943829,18500.275822437805,3.3233087881719134
42,2002,14474.762394531193,-5418.61288094832,-0.3743490036835121
42,2004,6414.13108843143,79723.22166828092,12.429309686556026
42,2005,6535.855329504586,-8223.178966600855,-1.2581641655192768
42,2006,3400.767717243696,-41013.324248459394,-12.060019283440056
42,2009,7923.739788530482,-2301.9295453499944,-0.2905104921140911
42,2010,7605.730199530342,-10650.382111747516,-1.4003102703281773
42,2011,10701.18664174815,57239.50861572169,5.348893588344238
42,2015,3075.209401203436,-18405.864331927325,-5.985239354667839
42,2017,8918.097101276653,-5302.33539078082,-0.594559055655693
43,2002,5800.474008037709,12464.616167255444,2.1488961333131127
43,2003,4478.623516046908,53699.01192333424,11.990070549786264
43,2004,7279.4646530974715,-38186.78240274821,-5.245822903542697
43,2005,8496.71423792161,22086.301702229306,2.599393257649661
43,2009,4309.350207855547,70738.52577750626,16.415125799837867
43,2010,10564.766559378098,-29360.025655818987,-2.779051055298214
43,2011,6069.301889307477,27079.286591642536,4.461680615912212
43,2012,3423.7819403157628,-6142.635308214754,-1.7941082157960802
43,2015,8191.177415324171,-21524.471068260056,-2.6277627716855174
43,2017,3980.888980619551,8438.622231357876,2.119783363072979
44,2002,6962.736708881479,31143.14143696564,4.472830546247755
44,2003,3748.388255068887,-11811.516442779946,-3.151092053179768
44,2004,7203.317451796087,52866.55089269992,7.339194926015385
44,2005,2276.765755488188,-51851.640040339495,-22.774253308822004
44,2009,5490.729579616949,79250.69416500864,14.433545308661406
44,2010,12114.5515506402,-25644.439060786943,-2.1168294140802715
44,2011,9111.17299423003,-15890.360748829495,-1.7440521389389296
44,2015,4015.7595368050097,-21907.91592427966,-5.455485001900756
44,2017,5995.050196158991,5255.808605659724,0.8766913426391498
44,2019,3869.0751123388764,-37459.002667472116,-9.681642661320149
45,2002,9749.26160442474,33395.40567246481,3.4254292301796654
45,2003,6379.300119127351,-12232.524135605257,-1.9175338841525758
45,2004,2356.7036996652605,-21894.204508363968,-9.290181244029005
45,2005,10181.959770565765,89962.29928248381,8.835460099002633
45,2009,2568.245666070812,4474.365690624516,1.7421875756418186
45,2010,9127.207104754518,-11731.48478764508,-1.2853312796566159
45,2011,11930.625496868335,61578.85127162002,5.161410127891771
45,2016,1195.8551194905303,9346.1578477929,7.81545999633688
45,2017,5746.788908721443,10715.408451607655,1.8645905777652168
45,2019,2868.366370867443,-24005.62875225031,-8.36909433748193
46,2002,6634.447023770917,21333.510279807524,3.2155672060339833
46,2003,6923.914059446892,9017.377033777186,1.3023525359148562
46,2004,14206.54247138431,-12834.215474805009,-0.9034017601859478
46,2009,7309.787290190812,-13132.235388294153,-1.7965277055211484
46,2010,3918.911512530205,10189.00855551305,2.599958820946845
46,2011,16340.209015890723,31834.088691246114,1.9482057212540989
46,2012,1127.1040643754532,-32646.076871495345,-28.96456316975937
46,2015,1462.180371730501,-13599.241553689964,-9.300659355449536
46,2016,9085.700152342091,29797.669182271813,3.279622778943529
46,2017,6886.269095707772,-19721.077384383418,-2.8638261314353244
47,2002,8218.03638556422,-14279.783629895363,-1.7376150408605138
47,2003,14446.560257154342,32987.168964295415,2.2833926122973973
47,2005,6713.336113911122,62927.80601753798,9.373552128150019
47,2009,2474.553151964996,54950.53456966288,22.206245408803486
47,2010,9484.096211778146,-7319.94029325273,-0.7718121083759373
47,2011,7493.754967645771,7657.009288871341,1.0217853828862058
47,2012,3783.4072171922016,-8702.17573307184,-2.300089637067941
47,2016,5781.857063313684,32194.60288220257,5.568211481131163
47,2017,3357.547898810415,-11736.854555310973,-3.495662581453971
47,2018,5592.90399465189,1771.551199309266,0.3167497959920783
48,2002,3298.348744730669,-6843.998787718287,-2.0749773045230677
48,2003,9455.73374848449,59774.53141123049,6.321511688166009
48,2004,2906.5514036617824,-23015.773756426264,-7.91858479689371
48,2005,3973.9649673986423,41520.88704947644,10.448226743341428
48,2009,6884.391452224081,-20311.988496672042,-2.9504406653270743
48,2010,4882.758550801605,27639.7296227201,5.6606791704214965
48,2011,8710.81376416629,-2216.648729990731,-0.25447091282210255
48,2012,10427.2085294532,23519.193899636244,2.2555599452339314
48,2015,3575.7030636409763,14227.925972279743,3.979056906865217
48,2016,1251.6572354753152,-18357.60192318741,-14.666636682059472
48,2017,5899.63755851466,66280.71914253302,11.234710350447425
49,2002,6642.73652386223,13147.904839090566,1.9792904312643267
49,2004,3449.1934604013804,-55237.09953557761,-16.014497351258953
49,2005,7960.393084348325,110548.0476595579,13.887259898875694
49,2009,1213.740670066065,13690.491951497504,11.27958573782678
49,2010,9800.852276756981,7484.007475360646,0.7636078234858408
49,2011,8132.741891047859,11372.778400384355,1.3983941151388286
49,2012,1275.5584007967263,1239.4884431083628,0.9717222216828066
49,2016,12028.378795559867,-22107.16577551182,-1.837917324625029
50,2002,9589.400561541901,26340.568544541573,2.746842034128796
50,2003,12301.632600128185,-18438.951905367983,-1.498902828977013
50,2005,5138.928098243574,48678.38628626717,9.472478570561218
50,2009,4233.845264156,-16826.713905213226,-3.9743336979433908
50,2010,14309.161004454072,36142.781934262806,2.525849134202382
50,2011,4761.6060124424985,-21864.419879384135,-4.591816253224326
50,2012,1226.1504201595671,14529.174188288831,11.849422346075658
50,2017,5583.097824207332,18645.7568144736,3.3396794040808078
51,2002,9837.843789800245,7946.068442321906,0.8077042705801338
51,2003,6842.468848196062,14911.544721766637,2.17926380851524
51,2004,5089.241896352411,29649.50417967586,5.825917648152354
51,2005,3526.7817016291665,-16352.543744409864,-4.636675906778111
51,2009,2118.794957596954,-6166.1543026625,-2.910217565203141
51,2010,8566.147552232345,78794.93324351677,9.198409525759658
51,2011,11316.946157622355,-7701.473675012181,-0.6805257856444755
51,2012,1519.032644667197,-14123.797314289579,-9.297889261217255
51,2015,3597.163951290073,2407.467924007098,0.6692683337782515
51,2016,3381.5382354086905,3601.8532553337573,1.0651523077923855
51,2017,8482.188549428538,-1988.494525378308,-0.23443177592559847
52,2002,14023.793880656827,-33318.57452439569,-2.3758602563570452
52,2003,3788.1906399283034,94154.56446611218,24.85475875308487
52,2004,6616.019270013436,-32422.68067564862,-4.900632744919858
52,2005,7085.870528644795,55766.64336456146,7.870118870945146
52,2009,8330.594151129975,-4783.269037404272,-0.5741810188599167
52,2010,10333.106289264688,-8230.306976258376,-0.7964988209604541
52,2011,9286.38225028105,12436.108826496813,1.339176925020552
52,2013,6965.414489608782,-66220.11982001964,-9.50698912732456
52,2015,3630.740647104598,-18093.49705269531,-4.9834176580815015
52,2016,3789.6671550150204,55562.62658054457,14.661611246522348
52,2017,2323.583267700131,-40738.07724372775,-17.532436995059815
52,2020,2753.1226924434595,-40421.610962938285,-14.68209574309352
53,2002,3710.9490291775437,24082.716931594856,6.489638295283268
53,2003,9968.53249278132,50823.901948115585,5.098433694720818
53,2004,5151.672183441406,-34664.89826977474,-6.728863373953657
53,2005,8381.270173587516,21270.30370827776,2.537837734345846
53,2006,2764.5352254005556,-26941.065106285503,-9.745242114750768
53,2009,11741.850466800766,-18209.51888476161,-1.550821902923028
53,2010,6860.666303858248,7127.740056879178,1.038928252911927
53,2011,5507.89443694544,5821.590557232819,1.0569539093166331
53,2012,13448.014667518553,35900.147981593705,2.669550031671556
53,2016,3725.714403989754,-34653.77065515629,-9.301241828425342
53,2017,2973.325467379618,84925.95625787499,28.562616904741326
53,2019,2739.3255707195494,-47412.83771147183,-17.308215649232856
54,2002,15284.067195495096,14934.642628295376,0.9771379854111927
54,2004,9196.784048779024,35376.0302341287,3.8465652826571772
54,2005,5738.781090030505,-29961.31208705489,-5.220849448170121
54,2009,10510.513769678422,-29948.66719075953,-2.8494008805885267
54,2010,5951.608361892257,53322.41015266281,8.959327783407687
54,2011,16403.917618015315,-15357.03115240921,-0.9361807045131475
54,2016,3650.1874027164304,9989.817696721206,2.7367958393826273
54,2017,3040.376533079281,11100.257840632315,3.650948400588403
54,2018,5359.866628813412,-20178.432136534684,-3.7647265377948154
55,2002,11429.495852458727,5162.183283190039,0.4516545042605308
55,2003,17465.54430795138,18038.260189386143,1.0327911842503545
55,2005,11554.97381832794,11975.74070525667,1.0364143522559377
55,2006,1455.64338873222,-24590.48374368722,-16.89320607920604
55,2008,4798.146194924047,-10852.543872882,-2.2618201763762205
55,2009,2530.1653757789463,11349.495098595886,4.485673231972747
55,2010,3998.427251825051,16014.306386231503,4.005151370184839
55,2011,9290.573273980612,40578.854418039875,4.367744941174505
55,2012,13817.258934067213,-26060.877178906638,-1.8861105016026087
55,2016,7339.588482366031,66741.71359615121,9.093386333103512
55,2017,2372.495138164173,-17081.870228277287,-7.199960056185897
55,2018,9355.555504256685,-27606.75986227492,-2.95084133162527
56,2002,4693.975005136221,53488.94351722501,11.395233987973215
56,2003,7391.916452302743,8875.3856083352,1.2006880307163543
56,2004,4173.625489309488,2142.8280453822226,0.5134212570991237
56,2005,7237.3956834495475,-12721.351097571227,-1.7577249682040144
56,2009,6635.4283947528165,-71940.95025501307,-10.841945082536457
56,2010,11865.377238402754,-48243.16071235674,-4.065876688371599
56,2011,5270.648503464501,118095.36297747775,22.40623006824518
56,2012,1720.6213708058349,1359.8246399651398,0.7903102117860364
56,2015,11890.261555942532,269142.4623391573,22.63553758450712
56,2017,6921.7581102525,-10886.58478139824,-1.5728063026751893
56,2018,11477.653312026814,-86055.36797749769,-7.497644826693355
57,2002,15925.055408753047,11019.067170691327,0.6919327366757423
57,2004,5184.314655497903,30005.75402911575,5.787795692010131
57,2005,21568.71420467811,-6244.667484301084,-0.2895243279243163
57,2009,2173.888655611954,10060.530449989921,4.627895924668626
57,2010,9706.759500393528,68934.628427911,7.101713854671714
57,2011,5328.009946900129,1395.6428289660544,0.2619444863795813
57,2012,1374.3902703215426,28147.090876729344,20.47969305701229
57,2013,9216.993466586631,-63812.32367108614,-6.923333937733388
57,2016,10700.592948503996,5799.217550541129,0.541952915922467
57,2018,5924.355355693639,-21160.413024746696,-3.5717663364690555
58,2002,9329.79223434854,25171.586865683115,2.697979358319627
58,2003,7581.479822355759,43549.721834386,5.744224459447811
58,2004,10580.107915643719,-50110.80712921897,-4.736322873902379
58,2005,2782.282389628701,65770.66565297113,23.639105037698315
58,2006,4893.067941786576,-45903.861904553836,-9.381407013080068
58,2009,8362.377015557082,33071.51507195798,3.954798379746914
58,2010,4963.32938911111,1450.3132031912392,0.29220571303871856
58,2011,22024.541090687097,-53400.75558921491,-2.4246024182449366
58,2016,8573.703781589167,41513.26275898956,4.84192874124407
58,2017,17100.104560588137,-46386.3777759567,-2.7126370842706296
59,2002,16956.04346736759,16106.34116758377,0.9498879381018869
59,2003,6836.4059963427135,5546.645952274499,0.8113394604185006
59,2004,7377.820989253145,-18790.859453052137,-2.5469389241652407
59,2005,8769.936406742403,72539.63767023978,8.271398366637035
59,2009,15696.596645076235,17993.854109895503,1.1463538572573233
59,2010,11646.379013135389,43556.14496247907,3.739887300022968
59,2011,4256.850441243674,-18900.094543469022,-4.439924494492506
59,2016,14062.268432545592,44183.20755600341,3.1419687206188
59,2017,11956.461977543077,-42499.43657753154,-3.5545160982701267
59,2019,5862.124395094172,-10351.392591496144,-1.7658090981758934
60,2002,2763.4272987148142,37428.48612531705,13.544226816722807
60,2003,11436.603110696247,31486.37587726672,2.7531230709421606
60,2004,5806.668909952365,-44312.6188381589,-7.631332098547776
60,2005,11275.614169828914,52491.065287004865,4.655273273491347
60,2009,2025.7825858697179,12155.509027137363,6.000401579085895
60,2010,14172.762831389555,53798.94846505395,3.7959393736485243
60,2011,3503.351117292157,-48903.558962370036,-13.9590801278774
60,2012,1763.9932969567017,60744.81971314747,34.435969693278544
60,2013,4952.060674353066,-55197.84477297985,-11.146439513322575
60,2016,7592.078870347817,-22829.05271466315,-3.00695673800571
60,2017,2713.432705693005,57060.851052135695,21.029027523851
60,2018,2209.569552089233,-12473.680303385248,-5.645298783009977
61,2002,9086.24962202221,43807.14007767232,4.821256502957787
61,2003,6740.4594626008475,-22604.943335539807,-3.353620544854898
61,2004,11533.09324382781,20163.73497719795,1.7483371157160303
61,2005,17742.165361903113,26505.66229331924,1.4939361545030776
61,2009,10346.93591178328,-7147.27006695146,-0.6907619925249578
61,2010,15218.030997504422,-8252.88139291972,-0.5423094087712855
61,2011,4586.99602100745,24853.660689792974,5.4182869520637436
61,2012,2096.713323104719,6175.8790740531695,2.945504760235035
61,2015,2435.7829172795755,-2728.007953329856,-1.1199717076498157
61,2016,8990.303536573454,-8981.097613171441,-0.9989760163976041
61,2017,2302.5586865720106,-17555.509389389772,-7.624348292084558
61,2019,6327.881420475431,-76295.17825880641,-12.056986088888205
62,2002,11226.715145028924,5021.192103611276,0.4472538973997759
62,2003,2768.255035475275,43646.36179257487,15.766741587478531
62,2004,6636.935223357606,-19148.640407496394,-2.8851630704644955
62,2005,20279.39044146231,53524.274402346986,2.639343354863059
62,2009,7179.003466805792,-63676.919194575836,-8.869882775374684
62,2010,5585.927889034036,99910.39267437594,17.88608708510436
62,2011,4976.515614575037,17085.08352904822,3.4331417506276987
62,2012,7593.434735959512,-2656.543549516762,-0.34984741976334105
62,2015,3989.858430454682,-26032.686877382133,-6.5247144306359415
62,2016,10035.687693231826,16264.49607530571,1.6206658250509984
62,2017,7276.313119741506,51021.17780445065,7.0119546760603395
63,2002,13393.282673053123,34617.11919434383,2.5846627775573214
63,2004,5882.743641710811,132051.4052696251,22.447247970034287
63,2005,8729.219862553931,-52961.525113600714,-6.067154447649073
63,2009,12269.203404075233,55448.61327944347,4.5193327923006095
63,2010,6554.055502083909,-35852.65635791217,-5.4703009985973665
63,2011,10224.746219694032,64309.82975593279,6.289626008718407
63,2012,1296.1018791131792,-19313.97778870765,-14.901589219145865
63,2016,8784.467312141962,36705.329273052426,4.178435409773569
63,2017,6980.719923419005,29587.121687789302,4.2384054957612705
64,2002,15524.283927993529,28706.766580015013,1.849152380436093
64,2003,13051.408758246282,-29846.294004498544,-2.2868254728165445
64,2004,6544.942421419546,48000.565194835246,7.333993502791474
64,2005,4873.312625233608,10576.529752320144,2.1702957650522463
64,2006,10526.115147964854,-42483.18741959319,-4.035979734442388
64,2009,7641.325124464463,-1957.358642232517,-0.2561543463143373
64,2010,10392.923865354154,-14650.63901577107,-1.4096744290228502
64,2011,16732.69154012407,52955.458291684714,3.1647902051322974
64,2012,2158.762581610412,-26248.999682433787,-12.159280462816035
64,2015,3261.547355962335,-25549.54623554749,-7.83356592656585
64,2016,21118.825265158288,22841.41430638524,1.0815665180046197
64,2017,1920.9052214173716,19960.51211796279,10.391200927255847
65,2002,26749.356357161305,-4384.769525775628,-0.16392056194659588
65,2004,13256.882613269554,-476.1331330857647,-0.03591591982636826
65,2005,22913.62664151285,39583.12360813265,1.7274927372875801
65,2009,7576.0510646870825,5583.43111773589,0.736984356370162
65,2010,6269.252260605223,25012.92114422185,3.98977742551504
65,2011,10638.441945011436,17745.009653464193,1.6680083178707534
65,2012,2567.7306302377838,1312.8690199227422,0.5112954624064925
65,2013,13412.158152555057,-39836.73692856592,-2.9701958831269
65,2017,13852.990320928278,8983.692424808454,0.6485020357833083
66,2002,21785.38579221684,12113.532692722685,0.5560393930251366
66,2004,6722.0068951342255,26738.840728405077,3.977806203644359
66,2005,21033.24820619868,-26520.556799954764,-1.2608873598581376
66,2006,1044.5944852609537,-19968.755950330844,-19.116275484971933
66,2009,6107.2778230446565,92638.44375055953,15.168532762830258
66,2010,17020.261950102547,-58636.93141246663,-3.44512508587527
66,2011,3833.5448466032976,54674.94206251355,14.262241411094523
66,2012,2201.6835541574983,-9007.05845050636,-4.090986842090948
66,2013,2372.7183627768536,-25084.76912521635,-10.57216461875357
66,2016,15655.462626993889,-30253.814276644523,-1.9324765417330731
66,2017,1157.6238284481224,36802.86737125591,31.791732743263232
67,2002,23771.32329027739,15697.155528892414,0.6603399961041564
67,2003,8348.988820282219,-27392.563115152036,-3.280943801075313
67,2005,24291.952254230273,-53437.910093788116,-2.199819493078506
67,2009,11318.521619665,45574.21531518144,4.026516611144691
67,2010,5659.807237636065,56727.17920708086,10.022811170999196
67,2011,18895.279409496696,-32965.77982025262,-1.7446569116984922
67,2013,8468.234781911771,-12150.754486434802,-1.4348627310604245
67,2015,3801.041821142833,-4059.0941832396493,-1.0678899034105416
67,2017,7711.643730794836,8926.263376381656,1.1575046368826
67,2018,11230.06524589134,-31904.415698347148,-2.8409822204746122
67,2019,1890.356697565876,-27841.64048097655,-14.728247064073638
68,2002,11964.641584075289,32213.34651850679,2.692378730457095
68,2003,2410.3612170910346,37954.85092184218,15.746540664825467
68,2004,8209.879582978087,8028.260105357331,0.9778779364806622
68,2005,11403.25833067816,7367.458448442456,0.6460836223118614
68,2006,9969.906673989666,-34289.44387055829,-3.4392943677211627
68,2009,8852.16714852769,120718.97349434483,13.637222554527007
68,2010,12984.83365666424,-99799.09310649731,-7.685819914626104
68,2011,16755.442105059046,115774.78762648714,6.909682651198486
68,2016,4504.806911414547,-22657.876314026653,-5.029710875423934
68,2017,6726.570885246387,63597.32713693351,9.454643119337916
68,2018,12323.49990006868,-48667.323094020714,-3.9491478466883816
69,2002,10782.756989638263,-17108.899264593638,-1.5866906099279163
69,2003,8820.746433015272,-13662.917540595547,-1.5489525341592925
69,2004,8279.800589716178,188172.12571174983,22.726649473354062
69,2005,8973.63076361746,-102012.86709470418,-11.368070492526108
69,2009,5501.373420691583,2860.128304121783,0.5198935039320115
69,2010,17644.97227751132,1863.9739906734903,0.10563768315176911
69,2011,4475.923231648456,-7601.8554725636495,-1.698388260730721
69,2012,1297.0875237743603,52906.346528250026,40.78857097807807
69,2013,2317.4158787648194,-43814.40405391058,-18.9065779929253
69,2015,10209.282108273881,-16863.63538441906,-1.6517944362368349
69,2017,14457.123276092694,-13462.174723930075,-0.931179354760851
70,2002,18329.511443399708,19534.1477412167,1.0657211350960896
70,2004,7809.707391081261,10942.868630933459,1.4011880449490706
70,2005,33313.30555254436,54171.53256993892,1.6261230061512606
70,2009,30281.325839399477,-28554.295319388242,-0.9429671432099526
70,2011,25899.75382917904,80921.21194403424,3.124400813913035
70,2012,9482.178758732625,-68737.7509585867,-7.249151561847805
70,2015,10273.87381781824,-17781.947822425922,-1.7307928964035202
70,2016,12516.652561254334,-14845.794556764187,-1.1860834583457067
70,2018,6285.903211947472,-15776.565288133861,-2.5098326773704858
71,2002,9047.403835043951,23390.364355399477,2.58531229310224
71,2003,8584.920468932134,-1156.844573014503,-0.13475309144691486
71,2004,14623.478122090048,38564.95665624348,2.6371945397851504
71,2009,13660.834384297545,49078.63333767626,3.5926526855555565
71,2010,15001.825199991115,-16309.973875751253,-1.0871993013064112
71,2011,10528.032747804304,13224.432745930739,1.2561162244379216
71,2014,1058.9007700190414,-52778.37674402894,-49.84260871118251
71,2016,20690.918651418237,-28262.75080703647,-1.3659495396594792
71,2017,1703.214744832192,20652.81367979641,12.125783752436464
71,2019,15847.478694671998,-51602.132628917694,-3.256173024309955
72,2002,22718.10044665722,-8665.706002127,-0.3814450078022297
72,2003,2222.546398200444,72534.04601447587,32.63555985747042
72,2004,9129.497854369693,-14035.407408087689,-1.5373690461376097
72,2005,10634.900712831353,15032.174654747709,1.4134757870010861
72,2006,1256.1966099298443,-28371.884564858163,-22.58554460391568
72,2009,8622.413633997494,-61225.79068156224,-7.100771695775971
72,2010,14215.779415348428,128872.14476157489,9.065429407439652
72,2011,20797.32232362975,-176561.97175452136,-8.489649244600738
72,2016,12089.785920346563,-7280.108057664882,-0.6021701381339424
72,2017,1789.6655350798974,49437.24483505607,27.623734081043814
73,2003,8274.798524423793,17125.167102132284,2.0695569869871577
73,2004,7343.524996960652,-2661.518252045731,-0.362430611068565
73,2005,27590.390972442226,40903.24020961608,1.482517600075728
73,2009,8369.875031894015,75955.09163214132,9.07481788470066
73,2010,20053.070015429694,-26617.036677951168,-1.3273297633465038
73,2011,12283.950565608975,877.4948020334123,0.07143425051628825
73,2013,2707.301931585651,-24401.131861132395,-9.01308109614534
73,2015,2897.422734054504,-110.92461112089222,-0.03828388927067955
73,2016,3819.034381432866,-1119.882331324392,-0.2932370383385296
73,2017,31604.82636466995,-36220.374400561675,-1.1460393416700212
74,2002,11781.138629923691,18951.768881943717,1.6086534143488362
74,2003,23955.085266397626,-3577.0393655452062,-0.14932275655736468
74,2005,13686.943164978351,47735.87197054754,3.4876941764975204
74,2006,1160.3367919730954,-37449.235229276586,-32.274452976360436
74,2009,14385.150122204854,-12553.436385830806,-0.872666345445598
74,2010,13636.791969408048,13167.571632127103,0.9655915894050766
74,2011,22397.967868861975,-8768.988786484988,-0.3915082313639614
74,2012,2554.9297592786024,-4489.687740955851,-1.7572646467680337
74,2015,10953.303389373119,-9386.272315780574,-0.8569352990703356
74,2017,10535.704341910081,821.9010456717224,0.07801102033608462
74,2019,13464.948783863161,-56461.38387299876,-4.193211929678036
75,2002,16931.924775552878,59986.659062814346,3.5428139362765156
75,2003,18917.465336871217,-18038.516767927096,-0.9535377201283409
75,2004,1677.122962772788,36836.79136455071,21.964275835594325
75,2005,21404.496822572022,835.5346284365514,0.0390354716283469
75,2009,17672.563575124077,-23780.599364003458,-1.3456225104476105
75,2010,21988.348034694733,3057.6659226292977,0.13905846486533238
75,2011,1559.5999034917913,52941.31427847204,33.94544598261492
75,2012,3170.2932712761685,-15874.920758786437,-5.007398180672463
75,2013,13824.570472019259,-46963.694558316434,-3.3971178094372125
75,2016,8073.89613009867,45126.197776810266,5.589147674142643
75,2017,7680.744711639651,-8061.856652489747,-1.0496191391796355
76,2002,17558.595128491987,9126.595959023922,0.5197793953466342
76,2003,8538.972373693541,57298.037005012506,6.710179456902047
76,2004,17505.869154399144,-60616.5016363117,-3.4626387928347477
76,2005,5321.241536362912,75062.63271638448,14.106225436947572
76,2009,23083.821309358347,-309.6428348562331,-0.01341384646443705
76,2011,37926.979045158136,19305.9078900498,0.5090283586009586
76,2015,2846.228869730956,-195.9723866073764,-0.06885334791291783
76,2016,5767.120468726789,3788.4999616742716,0.6569136161136341
76,2017,7538.3962289125775,14000.830805034086,1.8572691564467847
76,2018,7229.375101058511,-21957.780004308268,-3.037299863039788
77,2002,29115.93301905447,17551.179209716734,0.6028032554625894
77,2003,1116.3195968238288,32028.459931283258,28.691120376647664
77,2004,8958.392398021126,4831.766341831768,0.5393564076183006
77,2005,11841.769178522693,16054.9002871564,1.3557856132067685
77,2006,12632.454663764162,-52362.08896257449,-4.145044677086684
77,2008,18600.635896677035,-102035.30975768817,-5.485581800776853
77,2010,24204.579506244103,-39501.55071196653,-1.6319866536733776
77,2011,12041.941997894028,9753.807767298073,0.8099862770476624
77,2013,11131.651022463979,-40151.772889964166,-3.606991704010194
77,2016,31770.564860178623,11601.832526409533,0.36517551946176835
78,2002,30059.020521880942,-3861.6428738952964,-0.1284686861664132
78,2004,18732.99963545258,-10760.168182932364,-0.5743964336906583
78,2008,1695.7262197099044,-39273.8859081078,-23.160511084641104
78,2009,18426.873270491837,-14587.752310484182,-0.7916564083524962
78,2010,16451.064747102093,24056.813484702143,1.4623256217467522
78,2011,34703.77389983635,-12182.521213704138,-0.3510431242684412
78,2015,1477.182280139008,-1734.920671942993,-1.1744797478749414
78,2016,24911.16444613086,-34834.85946134105,-1.3983633537753597
78,2018,9297.754256144457,-7964.562412826926,-0.8566114131876
79,2002,15232.72818994231,61673.99077457696,4.048781676239608
79,2003,10949.17111709615,-43284.15093937819,-3.9531897416228947
79,2004,18363.31481675408,34187.77037685737,1.861742867124708
79,2005,14480.254129474983,75980.41540541989,5.24717416738975
79,2006,4159.82503404608,-61605.70585614216,-14.809686790172755
79,2009,18401.02432031388,18961.29367524467,1.030447726451417
79,2010,15131.060638871568,41636.77024206851,2.751741681287298
79,2011,14809.940991239622,-8257.58390790195,-0.5575703449991108
79,2013,4881.481912534626,-23983.351283681288,-4.913129191792569
79,2015,2491.868546988175,-719.6403605868691,-0.2887954749686417
79,2016,17573.38189454726,-32350.13369403238,-1.8408598804803822
79,2017,10763.591130885412,68206.00055763486,6.336732762165432
79,2019,3086.48251341423,-9488.262686732283,-3.074134599984006
80,2002,32329.41023309587,19788.579512674653,0.6120921900522927
80,2004,29932.94410493871,7413.540212633263,0.2476716017857423
80,2005,5697.242624364735,7790.426118130155,1.3674029055413133
80,2008,5421.018272011715,-29333.788523146766,-5.411121499920924
80,2009,8078.309410082991,13466.741817568545,1.6670247614878366
80,2010,15485.170967443031,-49544.23957468843,-3.1994635176358894
80,2011,16396.887925383635,127172.65534019703,7.755901968648822
80,2012,15548.786302961758,-78996.15895399993,-5.080535381655648
80,2017,20230.821313420427,43143.51395728119,2.132563640837521
80,2018,21757.896118069766,-79339.17391202901,-3.6464543024515335
81,2002,18386.252733291476,61249.28993450536,3.3312546511232806
81,2003,23053.813790524728,2266.326428407454,0.09830592235194202
81,2005,24859.545012834424,-8949.637451044982,-0.36000809533820854
81,2008,4069.0941780171124,-7980.873184946657,-1.9613390193971307
81,2009,32160.857920804818,-115446.61469756492,-3.5896621595682823
81,2011,17426.434033987753,839.0585053116665,0.04814860594400459
81,2013,5571.585409634281,-26999.74467424542,-4.845971602186689
81,2015,1577.0146292996942,-2299.7639985546703,-1.4583022603765747
81,2017,11312.473168842553,11128.771426762978,0.9837611334552787
81,2018,22305.944694046862,-33810.14493428869,-1.5157459322183353
82,2002,24211.73285142373,18654.300958291336,0.7704653389645508
82,2004,7654.923336170905,76946.31863211037,10.051873187093204
82,2005,42992.010484013415,-84657.57048899157,-1.9691465817927145
82,2009,16018.46358764451,-15898.806781768217,-0.9925300697397353
82,2010,14101.001741210988,13730.106561574794,0.9736972460224417
82,2011,2549.9323241368984,34993.06238132814,13.723133767156977
82,2012,13499.457928443851,-20671.9450563126,-1.5313166770019748
82,2015,12148.182626896421,-8673.495552862412,-0.7139747416752731
82,2017,11175.21411380911,34499.16040467087,3.087114041246026
82,2018,9870.630105501506,-8405.01463952742,-0.8515175373497981
83,2002,48774.79358987906,-9779.908872041327,-0.20051153787087872
83,2004,14392.181210323586,11869.805201046984,0.8247398380818546
83,2005,30782.909384917584,-2361.0393413243,-0.07669968136543703
83,2009,35121.5176471998,-67546.99819334474,-1.923236884916623
83,2010,17327.717789510032,102077.60848316195,5.891001326496578
83,2012,3986.5171838025562,14486.434343144123,3.6338572431101817
83,2013,5995.416027537256,-27804.036778439942,-4.637549196041536
83,2016,8641.625542001508,44347.79558064358,5.1318811912292235
83,2017,9953.954247438523,-40257.986367418314,-4.044421479813211
83,2018,11855.680765015131,67137.37514903239,5.6628865503149965
83,2019,2801.9714578548446,-127153.92682189966,-45.38016490690707
84,2002,52753.05897138902,5332.933774444915,0.101092408258965
84,2004,11394.933980131871,-20139.603680654953,-1.7674173203434287
84,2005,1685.0834499571356,7715.662851647008,4.578801632550172
84,2006,29974.029585856246,94731.44190812059,3.1604506706973168
84,2008,3079.9625911143376,-33366.16727590485,-10.833302771977142
84,2010,15550.570977326715,14005.873000390886,0.9006661569412433
84,2011,26537.016759658523,-6788.303836268198,-0.2558050853171918
84,2013,16466.555607106944,-56330.381367131544,-3.42089643463867
84,2017,10792.3603443951,22720.37868014828,2.105227953396485
84,2019,3060.7255453524995,-53376.70394542371,-17.439232350144085
85,2002,43574.76773541223,36856.01055522851,0.8458108320627138
85,2003,25690.9692075731,-50497.63143814349,-1.9655790729474685
85,2004,15894.503880253062,67717.71638864471,4.26044857384794
85,2009,13335.78025344963,108457.19364816457,8.132797000768623
85,2010,16516.72618799482,-26877.334049731493,-1.627279749256077
85,2011,16327.931129904347,18936.434264248644,1.1597571127408093
85,2012,17021.38540638867,-2838.146283032198,-0.166740028221613
85,2015,16142.372130703763,-1044.0400539353723,-0.06467699080914789
85,2016,8941.730583029275,-38025.24176193727,-4.252559547489195
85,2017,40409.087214458035,-20614.42096038541,-0.5101431975184468
85,2019,8416.198197519232,-10606.649667160993,-1.2602661460952074
86,2002,13975.375555891835,52826.30664479523,3.7799561402501527
86,2003,13307.094273268653,38627.868180522695,2.902802624470657
86,2004,14851.70872121607,24753.840552572277,1.6667335063749764
86,2005,4067.24091823207,34992.19283874566,8.603422699129391
86,2008,6107.274559923913,-36265.531674480764,-5.938087655736993
86,2009,12932.308955671499,9790.036099873949,0.7570215135929382
86,2010,19558.370029124548,-19436.528571103874,-0.9937703674774924
86,2011,17464.41742124909,-124677.72253206058,-7.138956858667626
86,2012,19451.975162912626,383592.32809638523,19.719968017836415
86,2013,8414.99003598158,-271233.34907548525,-32.23216520943234
86,2016,8044.615030985151,15140.116065082955,1.8820187177097127
86,2017,11444.652495026763,14753.617740380461,1.2891276294139642
87,2002,22696.397973112646,82234.11009216792,3.623222953245127
87,2004,27237.06328322686,34921.15167022287,1.2821188285643126
87,2005,16058.689757693151,21188.421243510908,1.3194364897273319
87,2006,21655.77792007581,-59719.27014813869,-2.75765988959355
87,2009,25655.26342845941,32171.611191870703,1.2539965251801977
87,2010,6806.99152515945,-41244.732913844055,-6.059172067630556
87,2011,16865.72085805016,207863.90466166998,12.324638028291252
87,2012,36719.33505773917,-157619.8568890319,-4.292557494333249
87,2015,3862.4838796230615,565.9579927785089,0.14652695271151284
87,2016,25903.490119551076,5249.6469699716545,0.20266176278730097
87,2018,15914.048003428208,17269.837819598673,1.0851945284994993
88,2002,52490.731361382816,21925.871428966755,0.41770939097826165
88,2004,61188.095483615994,67158.56774086761,1.0975757164863924
88,2006,7126.6972431931645,-44060.99108862347,-6.182526012411557
88,2009,12217.686278923182,58452.7975240394,4.784277169145907
88,2010,20151.819434324687,-32167.130707600387,-1.5962395262836648
88,2011,31116.727106383245,70982.01706527692,2.281153053873579
88,2012,3707.2980574909598,-12564.556561159901,-3.3891411929429256
88,2015,2093.353396839404,-9329.81554120814,-4.456875535346551
88,2016,41277.73566261318,-13621.329303298204,-0.32999216368439416
88,2018,31960.809598402935,774.1058201930718,0.024220469691473446
88,2020,10016.732021265663,-20750.213781193597,-2.0715552474739867
89,2002,12148.947761270567,58094.98740159307,4.781894575824347
89,2003,13197.483805156022,48299.52066895133,3.6597522211076
89,2004,46527.34746547771,-41955.64226305159,-0.9017415466072243
89,2005,25179.27271375642,-2180.6105461163097,-0.08660339680601485
89,2009,16806.497276602313,9628.306868535175,0.572891942328728
89,2010,38686.84491189639,48580.2593519786,1.2557307131820392
89,2011,19235.036893455544,-34961.57802390348,-1.8175986985394696
89,2014,22624.64037159155,-143616.9393988636,-6.347810928265408
89,2016,42529.318241938716,14211.802275872848,0.3341648270735364
90,2002,36013.280697143986,57214.04810813139,1.588693032142132
90,2004,33749.614167444815,-102872.30649712961,-3.048103186802093
90,2005,37680.41157910437,145468.37719082157,3.860583552423055
90,2009,12449.703585414565,19515.40010250226,1.5675393368694739
90,2010,52999.50271522859,-48021.9229474765,-0.9060825194059442
90,2011,2979.0380973430583,37492.06459022127,12.585292085945346
90,2015,2974.2638610952417,1625.8238317807554,0.5466306648335036
90,2016,12254.325528177258,-9038.893208932073,-0.7376083806610402
90,2017,51520.19813159981,-17242.278882058396,-0.33467027510289943
91,2002,43094.44184401963,-10117.180853006197,-0.2347676503068619
91,2004,35796.955853429565,-19527.843825134623,-0.5455168843152829
91,2005,3367.539357531001,52560.67156818521,15.608034825381056
91,2009,45987.08438182896,-59976.56125464733,-1.3042044752536233
91,2010,4926.356464146054,43815.66667740268,8.894132407245074
91,2011,5520.636361517827,80264.15550341143,14.538931791070521
91,2012,63398.709995118435,-76332.1104525326,-1.2040010034653703
91,2016,33099.34257965698,30393.967773724115,0.9182649987859396
91,2018,38257.335068871034,-104267.21370252332,-2.725417583708353
92,2002,8437.584948620526,50935.60384987184,6.036751530211187
92,2003,12848.739633605466,66287.01751772466,5.159028776982381
92,2004,59267.6444194495,-100044.02556390199,-1.688004079525576
92,2006,32659.78017164697,-141976.06296713708,-4.34712243073795
92,2008,9354.286151838489,-38585.88264226861,-4.124941445658571
92,2009,58216.75350974256,-34581.70141976513,-0.5940163154920326
92,2011,39004.87056006782,64171.011231373006,1.6452050810564574
92,2013,13818.035368061042,-36138.09152286162,-2.6152843411004056
92,2016,13234.444278927636,180627.32015538396,13.648273879016239
92,2017,15974.483948823996,-87064.73959537072,-5.450238009208443
92,2018,2557.2976553069893,-502.36531667097006,-0.19644381858656337
92,2019,33878.44770341087,-86281.57437186252,-2.5467983399716307
93,2002,20412.867823399138,100071.75802901661,4.9023860289882935
93,2004,22574.26432840014,138106.152496162,6.117858393392424
93,2005,69882.67891976365,-31209.136081320117,-0.44659329842167517
93,2006,9429.106263631722,-67173.24085140158,-7.12403052561729
93,2009,39047.36180810735,119466.57124636351,3.0595299071282924
93,2010,8027.47867301479,-34359.0258270941,-4.280176531965829
93,2011,18615.69864549546,117200.0903221682,6.295766414897768
93,2012,6578.784086487605,-13208.113134478335,-2.0076830248323456
93,2013,11528.797116348287,-74487.49855069956,-6.460994828773018
93,2016,15524.005673209787,11681.428828177624,0.752475171297869
93,2017,13551.2116095206,24598.21663743665,1.8152042301630664
93,2018,67008.73906259367,-91469.48092552857,-1.365038086152999
94,2002,9096.736360734678,-267794.36161645304,-29.438509702486883
94,2003,17372.70631187025,-37264.01932946964,-2.1449749198838552
94,2004,39755.245159202954,1155789.699658394,29.07263419027967
94,2005,45322.43706444511,-497639.33002256206,-10.979977297226013
94,2010,72018.05375749129,109868.13013147691,1.5255637218611795
94,2013,13150.816471649916,-40062.9585260438,-3.046423665968586
94,2016,12151.205451939022,8887.104444993776,0.7313763626287482
94,2017,14631.643483836786,28074.60451435391,1.9187594712355607
94,2018,22157.152412614552,-47027.86880312592,-2.1224689855160235
94,2019,31140.216768597602,-58602.419609398,-1.8818886215491542
95,2002,69140.47860649484,24997.31386722147,0.36154383612949564
95,2004,46494.121258674655,21810.740488216747,0.4691074892430062
95,2005,51671.690704611596,5605.274005197221,0.10847862589286171
95,2009,21283.55112781003,-94514.85544863215,-4.440746512697069
95,2010,26470.558427210548,167297.29430790537,6.320127124176241
95,2011,19748.632219790365,32881.54370639403,1.6650035982463132
95,2012,57943.1481491311,-32552.703652504715,-0.5618041941511746
95,2016,39279.58978274232,-14168.572932561161,-0.36071081726994497
95,2018,77855.4550271621,-88219.00521460723,-1.1331127046117644
96,2002,57241.61713599926,79065.08418963593,1.3812517560743736
96,2003,43713.48915417399,-79045.06083853345,-1.8082532959047908
96,2004,26901.69027002342,12417.959508472588,0.461605177363518
96,2005,28726.053858463303,180031.67412192828,6.267191275521721
96,2009,25780.954718055436,12788.794943299028,0.4960559096107687
96,2010,33094.901597559685,45681.2128669247,1.3803096749589094
96,2011,3576.6684141606092,67724.54242962121,18.93509114836835
96,2012,96546.67844790313,-123484.69617404963,-1.2790154789290067
96,2014,23818.955926230643,-80142.23039887822,-3.364640778004108
96,2016,15700.992234118865,13319.856160879834,0.848344866506925
96,2017,19285.961281321826,142248.20520881296,7.375738400272445
96,2018,32098.018913968,-15758.795483333175,-0.4909585082360166
97,2003,48267.621551951626,91910.73785940406,1.9041903227089465
97,2004,1877.9283045682823,-29625.411745357444,-15.775581886321289
97,2005,131412.0650584899,150130.27048238448,1.1424390174187076
97,2008,19126.604020624305,-37969.7842583959,-1.9851816986148145
97,2011,28144.80000091251,32351.187016232638,1.1494552107381737
97,2012,9153.701972471667,40596.795059727854,4.435013853609872
97,2013,52432.65800126514,-154050.83121239732,-2.938070223498497
97,2016,22863.427888943,150562.52086193918,6.5852995269686945
97,2017,26473.248789843172,-32574.839985741884,-1.2304813906421517
97,2018,4191.016730544739,62848.99957791448,14.996122329901914
98,2002,35399.770258510136,171217.57542006136,4.836686062359416
98,2003,22392.594654960325,37283.16927652829,1.6649776343926033
98,2004,69090.3733950014,-73815.83808943839,-1.0683954140386636
98,2005,43380.78355425713,90726.67425417528,2.0914023865129545
98,2009,30259.314347263076,-29932.296944986563,-0.989192835021852
98,2010,42459.41108991369,120438.69548271736,2.8365606679676203
98,2011,34004.89966872928,51202.77456971363,1.5057469678935538
98,2012,53121.49917720957,-86283.39111210406,-1.6242649859008829
98,2016,21591.558434845414,-112600.4619034722,-5.215022447001907
98,2017,22311.662017691415,263422.09009519615,11.8064754605158
98,2018,5508.664920369745,-108479.00752199674,-19.69243166722066
98,2019,69166.80416983587,-145210.34747720952,-2.099422536866851
99,2002,146661.4766022131,68318.07770789461,0.46582155921689183
99,2004,84490.38449053466,-181808.64762859815,-2.151826491557343
99,2005,35663.30428330973,291509.7591255179,8.173941393925835
99,2006,36298.22598075704,-181417.87343576353,-4.997981816850761
99,2009,82760.59536201716,114587.3524432017,1.3845641387905163
99,2010,48198.74112155172,-65483.861096163164,-1.3586218140224937
99,2012,61094.93192624487,-123607.44125066628,-2.023202864026232
99,2016,22887.22012920957,22537.346302624093,0.9847131357757618
99,2017,35061.231607728405,15509.925069201738,0.4423668068118562
99,2018,56132.110715781106,-24878.234260076657,-0.44320860097431425
99,2020,1987.4836029992439,-322599.4838737077,-162.31554483613542
